game_pk,policy,reward,challenges,successes
744798,Terminal-Count,0.07200000000000001,3,1
744801,Terminal-Count,0.060000000000000005,3,1
744802,Terminal-Count,0.060000000000000005,3,1
744803,Terminal-Count,-0.02,2,0
744810,Terminal-Count,-0.02,2,0
744823,Terminal-Count,-0.02,2,0
744827,Terminal-Count,-0.02,2,0
744838,Terminal-Count,-0.02,2,0
744883,Terminal-Count,0.06099999999999991,3,1
744890,Terminal-Count,-0.02,2,0
744892,Terminal-Count,-0.02,2,0
744896,Terminal-Count,0.06099999999999991,3,1
744897,Terminal-Count,-0.02,2,0
744903,Terminal-Count,0.06099999999999991,3,1
744909,Terminal-Count,0.06099999999999991,3,1
744961,Terminal-Count,-0.02,2,0
744964,Terminal-Count,0.060000000000000005,3,1
744970,Terminal-Count,0.07200000000000001,3,1
744973,Terminal-Count,-0.02,2,0
744976,Terminal-Count,-0.02,2,0
744996,Terminal-Count,-0.02,2,0
745000,Terminal-Count,0.1419999999999998,4,2
745007,Terminal-Count,0.0639999999999999,3,1
745009,Terminal-Count,-0.02,2,0
745044,Terminal-Count,-0.02,2,0
745051,Terminal-Count,0.4219999999999997,7,5
745052,Terminal-Count,-0.02,2,0
745069,Terminal-Count,-0.02,2,0
745073,Terminal-Count,0.2619999999999998,6,4
745075,Terminal-Count,-0.02,2,0
745078,Terminal-Count,-0.02,2,0
745118,Terminal-Count,0.06099999999999991,3,1
745126,Terminal-Count,-0.02,2,0
745135,Terminal-Count,0.1529999999999999,4,2
745139,Terminal-Count,-0.02,2,0
745140,Terminal-Count,-0.02,2,0
745147,Terminal-Count,0.3339999999999999,4,2
745153,Terminal-Count,0.06099999999999991,3,1
745184,Terminal-Count,-0.02,2,0
745211,Terminal-Count,-0.02,2,0
745212,Terminal-Count,-0.02,2,0
745229,Terminal-Count,0.060000000000000005,3,1
745237,Terminal-Count,0.06099999999999991,3,1
745248,Terminal-Count,-0.02,2,0
745252,Terminal-Count,0.06099999999999991,3,1
745287,Terminal-Count,-0.02,2,0
745290,Terminal-Count,0.07200000000000001,3,1
745309,Terminal-Count,0.06099999999999991,3,1
745311,Terminal-Count,-0.02,2,0
745326,Terminal-Count,-0.02,2,0
745328,Terminal-Count,-0.02,2,0
745366,Terminal-Count,0.06099999999999991,3,1
745384,Terminal-Count,0.46599999999999997,4,2
745385,Terminal-Count,0.1409999999999999,4,2
745388,Terminal-Count,0.06099999999999991,3,1
745391,Terminal-Count,0.07200000000000001,3,1
745392,Terminal-Count,-0.02,2,0
745394,Terminal-Count,0.07200000000000001,3,1
745395,Terminal-Count,-0.02,2,0
745401,Terminal-Count,0.0649999999999999,3,1
745402,Terminal-Count,-0.02,2,0
745403,Terminal-Count,0.642,5,3
745452,Terminal-Count,0.06099999999999991,3,1
745454,Terminal-Count,-0.02,2,0
745456,Terminal-Count,0.07200000000000001,3,1
745458,Terminal-Count,-0.02,2,0
745469,Terminal-Count,0.06099999999999991,3,1
745479,Terminal-Count,-0.02,2,0
745483,Terminal-Count,0.07200000000000001,3,1
745521,Terminal-Count,-0.02,2,0
745527,Terminal-Count,-0.02,2,0
745534,Terminal-Count,-0.02,2,0
745537,Terminal-Count,-0.02,2,0
745543,Terminal-Count,-0.02,2,0
745545,Terminal-Count,-0.02,2,0
745560,Terminal-Count,-0.02,2,0
745561,Terminal-Count,-0.02,2,0
745564,Terminal-Count,0.06099999999999991,3,1
745565,Terminal-Count,-0.02,2,0
745568,Terminal-Count,0.060000000000000005,3,1
745570,Terminal-Count,0.06099999999999991,3,1
745606,Terminal-Count,0.1449999999999999,4,2
745627,Terminal-Count,0.020999999999999894,3,1
745633,Terminal-Count,-0.02,2,0
745636,Terminal-Count,-0.02,2,0
745637,Terminal-Count,-0.02,2,0
745641,Terminal-Count,-0.02,2,0
745648,Terminal-Count,-0.02,2,0
745651,Terminal-Count,0.1859999999999999,5,3
745655,Terminal-Count,-0.02,2,0
745699,Terminal-Count,0.0639999999999999,3,1
745715,Terminal-Count,-0.02,2,0
745716,Terminal-Count,0.152,4,2
745725,Terminal-Count,0.06099999999999991,3,1
745731,Terminal-Count,-0.02,2,0
745734,Terminal-Count,-0.02,2,0
745781,Terminal-Count,-0.02,2,0
745783,Terminal-Count,-0.02,2,0
745784,Terminal-Count,0.06099999999999991,3,1
745791,Terminal-Count,-0.02,2,0
745794,Terminal-Count,0.060000000000000005,3,1
745808,Terminal-Count,-0.02,2,0
745810,Terminal-Count,-0.02,2,0
745813,Terminal-Count,0.060000000000000005,3,1
745815,Terminal-Count,0.0649999999999999,3,1
745852,Terminal-Count,-0.02,2,0
745865,Terminal-Count,-0.02,2,0
745870,Terminal-Count,-0.02,2,0
745871,Terminal-Count,-0.02,2,0
745880,Terminal-Count,-0.02,2,0
745884,Terminal-Count,-0.02,2,0
745894,Terminal-Count,-0.02,2,0
745897,Terminal-Count,-0.02,2,0
745935,Terminal-Count,0.06099999999999991,3,1
745940,Terminal-Count,0.1409999999999999,4,2
745941,Terminal-Count,-0.02,2,0
745943,Terminal-Count,-0.02,2,0
745952,Terminal-Count,-0.02,2,0
745972,Terminal-Count,0.6499999999999999,5,3
745975,Terminal-Count,-0.02,2,0
745976,Terminal-Count,-0.02,2,0
746021,Terminal-Count,-0.02,2,0
746026,Terminal-Count,-0.02,2,0
746028,Terminal-Count,-0.02,2,0
746029,Terminal-Count,0.06099999999999991,3,1
746046,Terminal-Count,0.1529999999999999,4,2
746051,Terminal-Count,-0.02,2,0
746062,Terminal-Count,0.0639999999999999,3,1
746088,Terminal-Count,-0.02,2,0
746099,Terminal-Count,-0.02,2,0
746100,Terminal-Count,-0.02,2,0
746101,Terminal-Count,-0.02,2,0
746117,Terminal-Count,0.06099999999999991,3,1
746126,Terminal-Count,-0.02,2,0
746185,Terminal-Count,0.06099999999999991,3,1
746188,Terminal-Count,-0.02,2,0
746189,Terminal-Count,0.1419999999999998,4,2
746190,Terminal-Count,0.1529999999999999,4,2
746192,Terminal-Count,0.1419999999999998,4,2
746197,Terminal-Count,-0.02,2,0
746201,Terminal-Count,0.06099999999999991,3,1
746212,Terminal-Count,-0.02,2,0
746224,Terminal-Count,-0.02,2,0
746256,Terminal-Count,0.23699999999999988,5,3
746259,Terminal-Count,-0.02,2,0
746260,Terminal-Count,-0.02,2,0
746267,Terminal-Count,-0.02,2,0
746269,Terminal-Count,-0.02,2,0
746270,Terminal-Count,-0.02,2,0
746272,Terminal-Count,0.060000000000000005,3,1
746292,Terminal-Count,0.06099999999999991,3,1
746293,Terminal-Count,0.06099999999999991,3,1
746295,Terminal-Count,0.060000000000000005,3,1
746300,Terminal-Count,-0.02,2,0
746305,Terminal-Count,-0.02,2,0
746352,Terminal-Count,-0.02,2,0
746355,Terminal-Count,-0.02,2,0
746357,Terminal-Count,0.07200000000000001,3,1
746360,Terminal-Count,-0.02,2,0
746364,Terminal-Count,0.060000000000000005,3,1
746367,Terminal-Count,-0.02,2,0
746382,Terminal-Count,-0.02,2,0
746384,Terminal-Count,0.2759999999999998,5,3
746423,Terminal-Count,-0.02,2,0
746427,Terminal-Count,-0.02,2,0
746430,Terminal-Count,0.06099999999999991,3,1
746434,Terminal-Count,-0.02,2,0
746440,Terminal-Count,0.1529999999999999,4,2
746443,Terminal-Count,0.253,3,1
746452,Terminal-Count,0.3029999999999997,6,4
746459,Terminal-Count,-0.02,2,0
746461,Terminal-Count,0.06099999999999991,3,1
746466,Terminal-Count,0.1529999999999999,4,2
746504,Terminal-Count,0.07200000000000001,3,1
746512,Terminal-Count,0.173,3,1
746514,Terminal-Count,0.22099999999999992,5,3
746516,Terminal-Count,0.06099999999999991,3,1
746529,Terminal-Count,-0.02,2,0
746531,Terminal-Count,0.253,3,1
746584,Terminal-Count,-0.02,2,0
746601,Terminal-Count,-0.02,2,0
746602,Terminal-Count,0.06099999999999991,3,1
746605,Terminal-Count,-0.02,2,0
746612,Terminal-Count,-0.02,2,0
746620,Terminal-Count,0.06099999999999991,3,1
746659,Terminal-Count,0.06099999999999991,3,1
746662,Terminal-Count,-0.02,2,0
746663,Terminal-Count,-0.02,2,0
746678,Terminal-Count,0.2919999999999998,5,3
746679,Terminal-Count,-0.02,2,0
746687,Terminal-Count,0.06099999999999991,3,1
746703,Terminal-Count,0.06099999999999991,3,1
746707,Terminal-Count,0.2269999999999997,5,3
746746,Terminal-Count,-0.02,2,0
746752,Terminal-Count,-0.02,2,0
746754,Terminal-Count,0.1049999999999998,4,2
746756,Terminal-Count,-0.02,2,0
746761,Terminal-Count,-0.02,2,0
746767,Terminal-Count,-0.02,2,0
746769,Terminal-Count,-0.02,2,0
746771,Terminal-Count,0.06099999999999991,3,1
746772,Terminal-Count,0.060000000000000005,3,1
746840,Terminal-Count,0.06099999999999991,3,1
746846,Terminal-Count,-0.02,2,0
746850,Terminal-Count,0.3239999999999999,4,2
746853,Terminal-Count,-0.02,2,0
746865,Terminal-Count,-0.02,2,0
746870,Terminal-Count,-0.02,2,0
746872,Terminal-Count,0.1409999999999999,4,2
746908,Terminal-Count,-0.02,2,0
746924,Terminal-Count,-0.02,2,0
746993,Terminal-Count,-0.02,2,0
746997,Terminal-Count,-0.02,2,0
747014,Terminal-Count,0.2209999999999999,5,3
747024,Terminal-Count,-0.02,2,0
747029,Terminal-Count,0.9689999999999999,6,4
747067,Terminal-Count,0.07200000000000001,3,1
747072,Terminal-Count,-0.02,2,0
747077,Terminal-Count,-0.02,2,0
747081,Terminal-Count,0.06099999999999991,3,1
747083,Terminal-Count,-0.02,2,0
747092,Terminal-Count,-0.02,2,0
747101,Terminal-Count,-0.02,2,0
747111,Terminal-Count,0.1419999999999998,4,2
747145,Terminal-Count,-0.02,2,0
747151,Terminal-Count,0.0649999999999999,3,1
747160,Terminal-Count,0.06099999999999991,3,1
747161,Terminal-Count,0.1529999999999999,4,2
747163,Terminal-Count,-0.02,2,0
747167,Terminal-Count,-0.02,2,0
747170,Terminal-Count,-0.02,2,0
747176,Terminal-Count,0.06099999999999991,3,1
747179,Terminal-Count,-0.02,2,0
747180,Terminal-Count,-0.02,2,0
747191,Terminal-Count,-0.02,2,0
747192,Terminal-Count,-0.02,2,0
744798,Greedy,0.07200000000000001,3,1
744801,Greedy,0.060000000000000005,3,1
744802,Greedy,0.060000000000000005,3,1
744803,Greedy,-0.02,2,0
744810,Greedy,-0.02,2,0
744823,Greedy,-0.02,2,0
744827,Greedy,-0.02,2,0
744838,Greedy,-0.02,2,0
744883,Greedy,0.06099999999999991,3,1
744890,Greedy,-0.02,2,0
744892,Greedy,-0.02,2,0
744896,Greedy,0.06099999999999991,3,1
744897,Greedy,-0.02,2,0
744903,Greedy,0.06099999999999991,3,1
744909,Greedy,0.06099999999999991,3,1
744961,Greedy,-0.02,2,0
744964,Greedy,0.060000000000000005,3,1
744970,Greedy,0.07200000000000001,3,1
744973,Greedy,-0.02,2,0
744976,Greedy,-0.02,2,0
744996,Greedy,-0.02,2,0
745000,Greedy,0.1419999999999998,4,2
745007,Greedy,0.0639999999999999,3,1
745009,Greedy,-0.02,2,0
745044,Greedy,-0.02,2,0
745051,Greedy,0.16399999999999998,4,2
745052,Greedy,-0.02,2,0
745069,Greedy,-0.02,2,0
745073,Greedy,0.1809999999999999,5,3
745075,Greedy,-0.02,2,0
745078,Greedy,-0.02,2,0
745118,Greedy,-0.02,2,0
745126,Greedy,-0.02,2,0
745135,Greedy,0.1529999999999999,4,2
745139,Greedy,-0.02,2,0
745140,Greedy,-0.02,2,0
745147,Greedy,0.3339999999999999,4,2
745153,Greedy,0.06099999999999991,3,1
745184,Greedy,-0.02,2,0
745211,Greedy,-0.02,2,0
745212,Greedy,-0.02,2,0
745229,Greedy,0.060000000000000005,3,1
745237,Greedy,-0.02,2,0
745248,Greedy,-0.02,2,0
745252,Greedy,0.06099999999999991,3,1
745287,Greedy,-0.02,2,0
745290,Greedy,0.07200000000000001,3,1
745309,Greedy,0.06099999999999991,3,1
745311,Greedy,-0.02,2,0
745326,Greedy,-0.02,2,0
745328,Greedy,-0.02,2,0
745366,Greedy,0.6479999999999998,5,3
745384,Greedy,0.46599999999999997,4,2
745385,Greedy,0.06099999999999991,3,1
745388,Greedy,0.06099999999999991,3,1
745391,Greedy,0.07200000000000001,3,1
745392,Greedy,-0.02,2,0
745394,Greedy,0.07200000000000001,3,1
745395,Greedy,-0.02,2,0
745401,Greedy,0.0649999999999999,3,1
745402,Greedy,-0.02,2,0
745403,Greedy,0.642,5,3
745452,Greedy,-0.02,2,0
745454,Greedy,-0.02,2,0
745456,Greedy,0.07200000000000001,3,1
745458,Greedy,-0.02,2,0
745469,Greedy,0.06099999999999991,3,1
745479,Greedy,-0.02,2,0
745483,Greedy,0.07200000000000001,3,1
745521,Greedy,-0.02,2,0
745527,Greedy,-0.02,2,0
745534,Greedy,-0.02,2,0
745537,Greedy,-0.02,2,0
745543,Greedy,-0.02,2,0
745545,Greedy,-0.02,2,0
745560,Greedy,-0.02,2,0
745561,Greedy,-0.02,2,0
745564,Greedy,0.06099999999999991,3,1
745565,Greedy,-0.02,2,0
745568,Greedy,0.060000000000000005,3,1
745570,Greedy,-0.02,2,0
745606,Greedy,0.060000000000000005,3,1
745627,Greedy,0.020999999999999894,3,1
745633,Greedy,-0.02,2,0
745636,Greedy,-0.02,2,0
745637,Greedy,-0.02,2,0
745641,Greedy,-0.02,2,0
745648,Greedy,-0.02,2,0
745651,Greedy,0.1859999999999999,5,3
745655,Greedy,-0.02,2,0
745699,Greedy,-0.02,2,0
745715,Greedy,-0.02,2,0
745716,Greedy,0.152,4,2
745725,Greedy,-0.02,2,0
745731,Greedy,-0.02,2,0
745734,Greedy,-0.02,2,0
745781,Greedy,-0.02,2,0
745783,Greedy,-0.02,2,0
745784,Greedy,-0.02,2,0
745791,Greedy,-0.02,2,0
745794,Greedy,0.060000000000000005,3,1
745808,Greedy,-0.02,2,0
745810,Greedy,-0.02,2,0
745813,Greedy,0.060000000000000005,3,1
745815,Greedy,0.0649999999999999,3,1
745852,Greedy,-0.02,2,0
745865,Greedy,-0.02,2,0
745870,Greedy,-0.02,2,0
745871,Greedy,-0.02,2,0
745880,Greedy,-0.02,2,0
745884,Greedy,-0.02,2,0
745894,Greedy,-0.02,2,0
745897,Greedy,-0.02,2,0
745935,Greedy,-0.02,2,0
745940,Greedy,0.1409999999999999,4,2
745941,Greedy,-0.02,2,0
745943,Greedy,-0.02,2,0
745952,Greedy,-0.02,2,0
745972,Greedy,0.6499999999999999,5,3
745975,Greedy,-0.02,2,0
745976,Greedy,-0.02,2,0
746021,Greedy,-0.02,2,0
746026,Greedy,-0.02,2,0
746028,Greedy,-0.02,2,0
746029,Greedy,0.06099999999999991,3,1
746046,Greedy,0.07200000000000001,3,1
746051,Greedy,0.07200000000000001,3,1
746062,Greedy,0.0639999999999999,3,1
746088,Greedy,-0.02,2,0
746099,Greedy,-0.02,2,0
746100,Greedy,-0.02,2,0
746101,Greedy,-0.02,2,0
746117,Greedy,0.06099999999999991,3,1
746126,Greedy,-0.02,2,0
746185,Greedy,0.06099999999999991,3,1
746188,Greedy,-0.02,2,0
746189,Greedy,0.06099999999999991,3,1
746190,Greedy,0.1529999999999999,4,2
746192,Greedy,0.1419999999999998,4,2
746197,Greedy,-0.02,2,0
746201,Greedy,0.06099999999999991,3,1
746212,Greedy,-0.02,2,0
746224,Greedy,-0.02,2,0
746256,Greedy,-0.02,2,0
746259,Greedy,-0.02,2,0
746260,Greedy,-0.02,2,0
746267,Greedy,-0.02,2,0
746269,Greedy,-0.02,2,0
746270,Greedy,-0.02,2,0
746272,Greedy,0.060000000000000005,3,1
746292,Greedy,0.2249999999999998,5,3
746293,Greedy,0.06099999999999991,3,1
746295,Greedy,-0.02,2,0
746300,Greedy,-0.02,2,0
746305,Greedy,-0.02,2,0
746352,Greedy,-0.02,2,0
746355,Greedy,-0.02,2,0
746357,Greedy,0.07200000000000001,3,1
746360,Greedy,-0.02,2,0
746364,Greedy,0.060000000000000005,3,1
746367,Greedy,-0.02,2,0
746382,Greedy,-0.02,2,0
746384,Greedy,0.2759999999999998,5,3
746423,Greedy,-0.02,2,0
746427,Greedy,-0.02,2,0
746430,Greedy,0.06099999999999991,3,1
746434,Greedy,0.19399999999999998,3,1
746440,Greedy,0.1529999999999999,4,2
746443,Greedy,0.253,3,1
746452,Greedy,0.3029999999999997,6,4
746459,Greedy,-0.02,2,0
746461,Greedy,0.06099999999999991,3,1
746466,Greedy,0.1529999999999999,4,2
746504,Greedy,0.07200000000000001,3,1
746512,Greedy,0.173,3,1
746514,Greedy,0.1409999999999999,4,2
746516,Greedy,0.06099999999999991,3,1
746529,Greedy,-0.02,2,0
746531,Greedy,0.253,3,1
746584,Greedy,-0.02,2,0
746601,Greedy,-0.02,2,0
746602,Greedy,0.06099999999999991,3,1
746605,Greedy,-0.02,2,0
746612,Greedy,-0.02,2,0
746620,Greedy,0.06099999999999991,3,1
746659,Greedy,0.06099999999999991,3,1
746662,Greedy,-0.02,2,0
746663,Greedy,-0.02,2,0
746678,Greedy,0.1419999999999998,4,2
746679,Greedy,-0.02,2,0
746687,Greedy,0.06099999999999991,3,1
746703,Greedy,0.06099999999999991,3,1
746707,Greedy,0.4809999999999997,6,4
746746,Greedy,-0.02,2,0
746752,Greedy,-0.02,2,0
746754,Greedy,0.1049999999999998,4,2
746756,Greedy,-0.02,2,0
746761,Greedy,-0.02,2,0
746767,Greedy,-0.02,2,0
746769,Greedy,-0.02,2,0
746771,Greedy,0.06099999999999991,3,1
746772,Greedy,0.14,4,2
746840,Greedy,0.06099999999999991,3,1
746846,Greedy,-0.02,2,0
746850,Greedy,0.3239999999999999,4,2
746853,Greedy,-0.02,2,0
746865,Greedy,-0.02,2,0
746870,Greedy,-0.02,2,0
746872,Greedy,0.1409999999999999,4,2
746908,Greedy,-0.02,2,0
746924,Greedy,-0.02,2,0
746993,Greedy,-0.02,2,0
746997,Greedy,-0.02,2,0
747014,Greedy,0.2209999999999999,5,3
747024,Greedy,-0.02,2,0
747029,Greedy,0.9689999999999999,6,4
747067,Greedy,0.07200000000000001,3,1
747072,Greedy,-0.02,2,0
747077,Greedy,-0.02,2,0
747081,Greedy,0.06099999999999991,3,1
747083,Greedy,-0.02,2,0
747092,Greedy,-0.02,2,0
747101,Greedy,-0.02,2,0
747111,Greedy,0.1419999999999998,4,2
747145,Greedy,-0.02,2,0
747151,Greedy,0.0649999999999999,3,1
747160,Greedy,0.06099999999999991,3,1
747161,Greedy,0.07200000000000001,3,1
747163,Greedy,-0.02,2,0
747167,Greedy,-0.02,2,0
747170,Greedy,-0.02,2,0
747176,Greedy,0.06099999999999991,3,1
747179,Greedy,-0.02,2,0
747180,Greedy,-0.02,2,0
747191,Greedy,-0.02,2,0
747192,Greedy,-0.02,2,0
744798,Q-Learning,0.06099999999999991,3,1
744801,Q-Learning,-0.02,2,0
744802,Q-Learning,0.2219999999999998,5,3
744803,Q-Learning,0.568,3,1
744810,Q-Learning,-0.02,2,0
744823,Q-Learning,0.4169999999999997,6,5
744827,Q-Learning,-0.02,2,0
744838,Q-Learning,0.060000000000000005,3,1
744883,Q-Learning,0.06099999999999991,3,1
744890,Q-Learning,0.1529999999999999,4,2
744892,Q-Learning,-0.02,2,0
744896,Q-Learning,0.07200000000000001,3,1
744897,Q-Learning,-0.02,2,0
744903,Q-Learning,-0.02,2,0
744909,Q-Learning,-0.02,2,0
744961,Q-Learning,-0.02,2,0
744964,Q-Learning,-0.02,2,0
744970,Q-Learning,-0.02,2,0
744973,Q-Learning,0.44,3,1
744976,Q-Learning,0.581,4,2
744996,Q-Learning,0.291,3,1
745000,Q-Learning,-0.02,2,0
745007,Q-Learning,-0.02,2,0
745009,Q-Learning,0.06099999999999991,3,1
745044,Q-Learning,0.2699999999999998,6,4
745051,Q-Learning,0.706,5,3
745052,Q-Learning,0.06099999999999991,3,1
745069,Q-Learning,0.1409999999999999,4,2
745073,Q-Learning,-0.02,2,0
745075,Q-Learning,-0.02,2,0
745078,Q-Learning,-0.02,2,0
745118,Q-Learning,-0.02,2,0
745126,Q-Learning,-0.02,2,0
745135,Q-Learning,1.319,4,2
745139,Q-Learning,-0.02,2,0
745140,Q-Learning,-0.02,2,0
745147,Q-Learning,0.5219999999999998,6,5
745153,Q-Learning,0.18299999999999988,3,1
745184,Q-Learning,-0.02,2,0
745211,Q-Learning,0.604,4,2
745212,Q-Learning,0.3209999999999999,3,1
745229,Q-Learning,0.323,3,1
745237,Q-Learning,-0.02,2,0
745248,Q-Learning,-0.02,2,0
745252,Q-Learning,-0.02,2,0
745287,Q-Learning,-0.02,2,0
745290,Q-Learning,0.59,3,1
745309,Q-Learning,-0.02,2,0
745311,Q-Learning,0.24499999999999988,4,2
745326,Q-Learning,0.6899999999999997,5,3
745328,Q-Learning,-0.02,2,0
745366,Q-Learning,0.487,3,1
745384,Q-Learning,0.374,3,1
745385,Q-Learning,0.024999999999999994,3,1
745388,Q-Learning,0.07200000000000001,3,1
745391,Q-Learning,-0.02,2,0
745392,Q-Learning,-0.02,2,0
745394,Q-Learning,-0.02,2,0
745395,Q-Learning,-0.02,2,0
745401,Q-Learning,-0.02,2,0
745402,Q-Learning,0.2799999999999998,5,4
745403,Q-Learning,1.803,6,4
745452,Q-Learning,0.06099999999999991,3,1
745454,Q-Learning,-0.02,2,0
745456,Q-Learning,0.06099999999999991,3,1
745458,Q-Learning,0.0649999999999999,3,1
745469,Q-Learning,-0.02,2,0
745479,Q-Learning,-0.02,2,0
745483,Q-Learning,-0.02,2,0
745521,Q-Learning,0.060000000000000005,3,1
745527,Q-Learning,0.6519999999999995,6,5
745534,Q-Learning,-0.02,2,0
745537,Q-Learning,0.060000000000000005,3,1
745543,Q-Learning,-0.02,2,0
745545,Q-Learning,0.07200000000000001,3,1
745560,Q-Learning,0.06099999999999991,3,1
745561,Q-Learning,0.2219999999999998,5,3
745564,Q-Learning,0.06099999999999991,3,1
745565,Q-Learning,-0.02,2,0
745568,Q-Learning,-0.02,2,0
745570,Q-Learning,-0.02,2,0
745606,Q-Learning,-0.02,2,0
745627,Q-Learning,-0.02,2,0
745633,Q-Learning,-0.02,2,0
745636,Q-Learning,0.6,3,1
745637,Q-Learning,-0.02,2,0
745641,Q-Learning,0.06099999999999991,3,1
745648,Q-Learning,0.374,3,1
745651,Q-Learning,0.024999999999999994,3,1
745655,Q-Learning,0.1009999999999999,4,2
745699,Q-Learning,-0.02,2,0
745715,Q-Learning,0.19399999999999998,3,1
745716,Q-Learning,-0.02,2,0
745725,Q-Learning,-0.02,2,0
745731,Q-Learning,0.427,4,2
745734,Q-Learning,0.109,4,2
745781,Q-Learning,0.1529999999999999,4,2
745783,Q-Learning,-0.02,2,0
745784,Q-Learning,-0.02,2,0
745791,Q-Learning,-0.02,2,0
745794,Q-Learning,-0.02,2,0
745808,Q-Learning,0.07200000000000001,3,1
745810,Q-Learning,-0.02,2,0
745813,Q-Learning,-0.02,2,0
745815,Q-Learning,-0.02,2,0
745852,Q-Learning,-0.02,2,0
745865,Q-Learning,0.152,4,2
745870,Q-Learning,-0.02,2,0
745871,Q-Learning,-0.02,2,0
745880,Q-Learning,0.29699999999999976,6,4
745884,Q-Learning,0.06099999999999991,3,1
745894,Q-Learning,-0.02,2,0
745897,Q-Learning,0.0649999999999999,3,1
745935,Q-Learning,-0.02,2,0
745940,Q-Learning,-0.02,2,0
745941,Q-Learning,0.374,3,1
745943,Q-Learning,-0.02,2,0
745952,Q-Learning,-0.02,2,0
745972,Q-Learning,0.5679999999999998,3,2
745975,Q-Learning,0.06099999999999991,3,1
745976,Q-Learning,-0.02,2,0
746021,Q-Learning,0.374,3,1
746026,Q-Learning,-0.02,2,0
746028,Q-Learning,0.060000000000000005,3,1
746029,Q-Learning,0.613,4,2
746046,Q-Learning,0.0639999999999999,3,1
746051,Q-Learning,-0.02,2,0
746062,Q-Learning,-0.02,2,0
746088,Q-Learning,0.173,3,1
746099,Q-Learning,-0.02,2,0
746100,Q-Learning,0.18299999999999988,3,1
746101,Q-Learning,-0.02,2,0
746117,Q-Learning,-0.02,2,0
746126,Q-Learning,-0.02,2,0
746185,Q-Learning,0.06099999999999991,3,1
746188,Q-Learning,-0.02,2,0
746189,Q-Learning,-0.02,2,0
746190,Q-Learning,0.06099999999999991,3,1
746192,Q-Learning,0.7969999999999999,4,2
746197,Q-Learning,-0.02,2,0
746201,Q-Learning,0.2999999999999999,5,3
746212,Q-Learning,0.23399999999999999,3,1
746224,Q-Learning,0.7989999999999998,6,4
746256,Q-Learning,-0.02,2,0
746259,Q-Learning,0.7729999999999999,7,5
746260,Q-Learning,0.1419999999999998,4,2
746267,Q-Learning,1.2129999999999999,6,4
746269,Q-Learning,0.06099999999999991,3,1
746270,Q-Learning,-0.02,2,0
746272,Q-Learning,-0.02,2,0
746292,Q-Learning,-0.02,2,0
746293,Q-Learning,-0.02,2,0
746295,Q-Learning,-0.02,2,0
746300,Q-Learning,0.16399999999999998,4,2
746305,Q-Learning,-0.02,2,0
746352,Q-Learning,-0.02,2,0
746355,Q-Learning,0.07200000000000001,3,1
746357,Q-Learning,-0.02,2,0
746360,Q-Learning,-0.02,2,0
746364,Q-Learning,-0.02,2,0
746367,Q-Learning,-0.02,2,0
746382,Q-Learning,-0.02,2,0
746384,Q-Learning,0.2749999999999999,5,3
746423,Q-Learning,-0.02,2,0
746427,Q-Learning,-0.02,2,0
746430,Q-Learning,-0.02,2,0
746434,Q-Learning,0.19399999999999998,3,1
746440,Q-Learning,1.17,6,5
746443,Q-Learning,0.253,3,1
746452,Q-Learning,-0.02,2,0
746459,Q-Learning,0.060000000000000005,3,1
746461,Q-Learning,-0.02,2,0
746466,Q-Learning,-0.02,2,0
746504,Q-Learning,0.07200000000000001,3,1
746512,Q-Learning,0.173,3,1
746514,Q-Learning,-0.02,2,0
746516,Q-Learning,0.3579999999999999,3,1
746529,Q-Learning,-0.02,2,0
746531,Q-Learning,0.253,3,1
746584,Q-Learning,-0.02,2,0
746601,Q-Learning,-0.02,2,0
746602,Q-Learning,-0.02,2,0
746605,Q-Learning,0.2379999999999998,5,3
746612,Q-Learning,-0.02,2,0
746620,Q-Learning,0.06099999999999991,3,1
746659,Q-Learning,0.1409999999999999,4,2
746662,Q-Learning,-0.02,2,0
746663,Q-Learning,0.2189999999999999,4,2
746678,Q-Learning,-0.02,2,0
746679,Q-Learning,-0.02,2,0
746687,Q-Learning,-0.02,2,0
746703,Q-Learning,0.06099999999999991,3,1
746707,Q-Learning,0.3149999999999999,4,2
746746,Q-Learning,-0.02,2,0
746752,Q-Learning,-0.02,2,0
746754,Q-Learning,-0.02,2,0
746756,Q-Learning,0.253,3,1
746761,Q-Learning,-0.02,2,0
746767,Q-Learning,0.06099999999999991,3,1
746769,Q-Learning,0.1529999999999999,4,2
746771,Q-Learning,-0.02,2,0
746772,Q-Learning,0.1409999999999999,4,2
746840,Q-Learning,-0.02,2,0
746846,Q-Learning,-0.02,2,0
746850,Q-Learning,0.243,3,1
746853,Q-Learning,0.11100000000000002,3,1
746865,Q-Learning,0.1419999999999998,4,2
746870,Q-Learning,-0.02,2,0
746872,Q-Learning,0.1419999999999998,4,2
746908,Q-Learning,-0.02,2,0
746924,Q-Learning,-0.02,2,0
746993,Q-Learning,-0.02,2,0
746997,Q-Learning,-0.02,2,0
747014,Q-Learning,0.0639999999999999,3,1
747024,Q-Learning,0.06099999999999991,3,1
747029,Q-Learning,0.704,3,1
747067,Q-Learning,-0.02,2,0
747072,Q-Learning,0.22199999999999998,4,2
747077,Q-Learning,-0.02,2,0
747081,Q-Learning,-0.02,2,0
747083,Q-Learning,-0.02,2,0
747092,Q-Learning,-0.02,2,0
747101,Q-Learning,-0.02,2,0
747111,Q-Learning,-0.02,2,0
747145,Q-Learning,0.1529999999999999,4,2
747151,Q-Learning,0.020999999999999894,3,1
747160,Q-Learning,-0.02,2,0
747161,Q-Learning,0.2919999999999998,5,3
747163,Q-Learning,-0.02,2,0
747167,Q-Learning,-0.02,2,0
747170,Q-Learning,-0.02,2,0
747176,Q-Learning,-0.02,2,0
747179,Q-Learning,0.024999999999999994,3,1
747180,Q-Learning,0.016999999999999994,3,1
747191,Q-Learning,0.1419999999999998,4,2
747192,Q-Learning,-0.02,2,0
